user_id,history_indices
User_1,"[1639, 16049, 18024, 48598]"
User_2,"[6717, 9144, 35741, 44348, 48265, 48540]"
User_3,"[1952, 2082, 27651, 38698]"
User_4,"[14328, 15247, 33118, 39453]"
User_5,"[13031, 36781, 46925]"
User_6,"[425, 10463, 14446, 18231, 29439, 38618, 49729, 52810, 53046]"
User_7,"[6078, 6698, 10189, 14110, 18210, 22059, 22298, 24898, 50036]"
User_8,"[17335, 22541, 23526, 39565]"
User_9,"[30108, 35142, 47823]"
User_10,"[5164, 19213, 24807, 36178]"
User_11,"[3003, 4558, 12601, 14935, 37837, 43336, 46174, 50663]"
User_12,"[5229, 6619, 15256, 18217, 24911, 29714, 41660]"
User_13,"[10659, 13730, 17496, 23283, 24260, 43920, 44796, 45994]"
User_14,"[11215, 35005, 39920, 41613]"
User_15,"[10708, 17691, 24867, 30294, 41943, 45099]"
User_16,"[3665, 15010, 21252, 44866, 50352, 50855]"
User_17,"[20673, 26290, 52759]"
User_18,"[4337, 13826, 13934, 20622, 37170, 42954, 47049]"
User_19,"[9150, 9363, 16162, 17359, 25928, 30071, 35322, 36789, 42129, 48823]"
User_20,"[14373, 23723, 26175, 28077, 38242, 38311, 48956]"
User_21,"[3087, 5957, 32343, 33392, 49530]"
User_22,"[10016, 10484, 41120, 51909]"
User_23,"[4163, 16476, 25009, 25216, 30674, 34676, 36256, 39052, 39086]"
User_24,"[7507, 44583, 47233]"
User_25,"[7310, 10365, 19234, 22293, 28492, 42006, 50370]"
User_26,"[212, 6973, 11708, 17261, 32806, 33271, 40979, 47164, 47323, 49935]"
User_27,"[10016, 13035, 24504, 33270, 39909, 41874, 49971]"
User_28,"[37, 34757, 35348, 39252, 51028]"
User_29,"[1276, 3796, 7331, 15692, 20153, 23788, 32021, 52872]"
User_30,"[5161, 5613, 31849, 37182, 47966, 53478]"
User_31,"[8241, 34911, 49846, 50189]"
User_32,"[10821, 17370, 31148, 36031, 43237]"
User_33,"[13182, 13880, 20428, 26148, 35343, 45211, 46723, 47836, 49497]"
User_34,"[4196, 7930, 14725, 16246, 22156, 28711, 29588, 33919]"
User_35,"[15080, 36301, 38555]"
User_36,"[471, 3858, 4652, 15003, 41359, 46389]"
User_37,"[2058, 4643, 21654, 33695]"
User_38,"[8671, 14040, 18250, 31812, 35339, 43842]"
User_39,"[6181, 6352, 12478, 15925, 26677, 28249, 30996, 43187, 51420, 52920]"
User_40,"[3550, 26941, 27759, 30606, 42348, 42824, 44129, 47780]"
User_41,"[3972, 22236, 26386, 47724]"
User_42,"[12465, 12556, 16295, 35146]"
User_43,"[4940, 9186, 12025, 16371, 18254, 27648, 29041, 30318, 36066, 52954]"
User_44,"[967, 3315, 35427, 42738]"
User_45,"[10899, 15491, 26634, 49385]"
User_46,"[141, 3842, 10789, 14008, 17380, 24836, 25586, 26282, 31546, 51384]"
User_47,"[10144, 18694, 27722, 31894, 36422, 43376, 45651, 47081, 47874, 51338]"
User_48,"[3832, 14267, 19445, 35533, 37957, 48217]"
User_49,"[3746, 20552, 49019]"
User_50,"[31246, 32954, 38284]"
User_51,"[3727, 4490, 5250, 12178, 33281]"
User_52,"[7856, 15414, 26461, 44250]"
User_53,"[2604, 5372, 27474, 37940, 38962, 40591]"
User_54,"[13386, 15642, 17089, 17407, 20590, 25938, 43891, 46936]"
User_55,"[19660, 20720, 29964, 42303, 44019]"
User_56,"[610, 30034, 36896, 40708]"
User_57,"[4801, 13969, 33153, 35234]"
User_58,"[4508, 8680, 10338, 16009, 18676, 22872, 24217]"
User_59,"[512, 19825, 34664, 35600, 36346, 40086, 42858, 43769, 46107, 52894]"
User_60,"[6788, 7014, 7564, 8800, 17332, 43475, 48655]"
User_61,"[13803, 17848, 18465, 39638, 47029]"
User_62,"[3329, 13342, 16457, 17300, 32016, 33122, 41565, 45055]"
User_63,"[2889, 18132, 27759, 41568]"
User_64,"[8573, 21859, 50536]"
User_65,"[10589, 28028, 28956, 36154, 36759, 46246, 48577]"
User_66,"[4931, 7331, 45286]"
User_67,"[2361, 24196, 35755, 36210, 38175]"
User_68,"[2741, 8352, 20202, 23897, 28166]"
User_69,"[13767, 23449, 44699]"
User_70,"[6736, 23178, 26632, 36692, 43708, 51125]"
User_71,"[10649, 11603, 15514, 52421, 53134]"
User_72,"[1624, 11754, 21770, 26982, 43903, 48172, 48271, 51274, 52575]"
User_73,"[7084, 10433, 17485, 25070, 45958, 51601]"
User_74,"[13079, 14577, 30847]"
User_75,"[1550, 12656, 14609, 14915, 20000, 21512, 22915, 26113, 43255, 52123]"
User_76,"[4549, 18292, 23012, 26193, 33384, 42040, 50680]"
User_77,"[1808, 2507, 7104, 7559, 11702, 17118, 17397, 38049]"
User_78,"[7578, 20557, 22654, 25244, 28599, 33516, 39728, 47745, 51539]"
User_79,"[110, 2908, 16693, 28577, 34073, 46450]"
User_80,"[4585, 21639, 23869, 28265, 40839, 43531]"
User_81,"[8167, 19681, 20269, 26764, 33234, 43475, 43705, 47169]"
User_82,"[8341, 12572, 19376, 26371, 27554, 36333, 43576, 45692]"
User_83,"[26, 11405, 19723, 26612, 35909, 37296, 40338, 44388, 49029]"
User_84,"[13774, 18803, 28173, 38009, 39758, 42906, 51495]"
User_85,"[14005, 28952, 28977, 30473, 31010, 33500, 44277, 52018]"
User_86,"[5557, 18598, 33780, 43178, 43506]"
User_87,"[6120, 13050, 14722, 15392, 20343, 44092, 49226, 52858]"
User_88,"[1600, 3028, 16046, 31138, 40060]"
User_89,"[27160, 29846, 37727, 41272]"
User_90,"[15989, 25164, 26191, 32399, 45636, 47077]"
User_91,"[363, 42995, 45064, 49215, 50465]"
User_92,"[11526, 14341, 27862, 51014]"
User_93,"[3291, 7953, 8738, 16331, 29914, 30450, 34808, 36530, 43750, 52521]"
User_94,"[27966, 29004, 33081, 35905, 40150, 47138, 49496, 53412]"
User_95,"[10430, 16203, 16986, 18173, 29495, 31108, 41789, 48736, 49268, 50188]"
User_96,"[5077, 15367, 15679, 17807, 17996, 18725, 22010, 28827, 41074, 46762]"
User_97,"[5280, 9068, 9884, 10014, 15155, 25102, 35399, 45478]"
User_98,"[4209, 21684, 26712, 27188, 30534, 35560]"
User_99,"[1280, 4080, 13555, 25524, 27534, 38278, 45581, 50174, 50449]"
User_100,"[386, 19569, 23052, 25558, 27460, 31259, 35272, 48989, 49379]"
User_101,"[1902, 14380, 17887, 28562, 31827, 31996]"
User_102,"[8364, 10816, 22028, 26497, 30630, 43835, 44508, 47459, 52307]"
User_103,"[25822, 36987, 38790]"
User_104,"[5501, 28089, 42123]"
User_105,"[3295, 11909, 17049, 24844, 30257]"
User_106,"[13871, 18235, 21420, 22118, 24846, 29799, 49283, 49887]"
User_107,"[1270, 3413, 5367, 14694, 16532, 22935, 30822, 35351, 49088]"
User_108,"[2638, 42713, 49429, 51198]"
User_109,"[1335, 13065, 16205]"
User_110,"[7496, 8272, 15633, 31035, 43873]"
User_111,"[10996, 16793, 24175, 30476, 45840, 50259]"
User_112,"[7084, 10732, 20384, 50973]"
User_113,"[20444, 37735, 44390]"
User_114,"[4980, 6678, 12997, 15915, 25995, 38803, 41106, 45260, 46859]"
User_115,"[7933, 37088, 39348, 44843, 51290, 52181, 52791]"
User_116,"[22754, 28074, 34913]"
User_117,"[829, 4519, 6916, 22362, 27528, 32125, 33158, 42437]"
User_118,"[10026, 11543, 23736, 28540, 30129, 34193, 41653, 46354, 48090]"
User_119,"[28545, 30465, 31686, 35269, 40364, 50766, 52966]"
User_120,"[5679, 15981, 16088, 18279, 21122, 29543, 49183]"
User_121,"[1880, 11917, 21300, 22046, 24837, 31952, 32394, 37345, 39998, 43790]"
User_122,"[16931, 18327, 22304, 23253, 39069, 52286]"
User_123,"[665, 5610, 12521, 15817, 33857, 36424, 47190]"
User_124,"[15749, 31201, 32019, 32166, 36384, 42329, 45259, 46651, 49687]"
User_125,"[1130, 6098, 14522, 15945, 19283, 20067, 26502, 43513, 45336, 51965]"
User_126,"[21678, 22528, 27885, 31015, 34794, 36070, 36272, 48885]"
User_127,"[7907, 15108, 16475, 17754, 20094, 29736, 46062, 47270]"
User_128,"[7835, 20679, 35118, 45230, 48685, 49950]"
User_129,"[12552, 14180, 18120, 31732, 48405]"
User_130,"[6588, 11759, 12721, 14908, 19414, 19809, 23650]"
User_131,"[8295, 35005, 46400]"
User_132,"[2982, 3573, 8275, 19145, 36264, 41803, 45705]"
User_133,"[803, 3367, 6723, 12082, 18634, 22328, 28866, 30762, 31373, 37621]"
User_134,"[4282, 4855, 7476, 26260, 31308, 32227, 37815]"
User_135,"[9777, 9943, 53159]"
User_136,"[5582, 7762, 16265, 27274, 36573, 39735, 50098]"
User_137,"[19487, 24928, 29014, 29524, 34247, 50835]"
User_138,"[3947, 6503, 13617, 20013, 37265, 39952, 40699, 48502, 49986]"
User_139,"[5320, 10292, 11391, 15719, 17343, 43281]"
User_140,"[175, 10258, 26772, 29524]"
User_141,"[2139, 4664, 15170, 18528, 18881, 19087, 29755, 45048, 46070, 46331]"
User_142,"[17337, 38652, 40963, 43331, 51631, 51855]"
User_143,"[7521, 9764, 14733, 27861, 35688, 42443]"
User_144,"[3908, 4679, 9321, 10873, 20159, 38996, 51945]"
User_145,"[8149, 19928, 26378, 28780, 30716, 45133, 45857]"
User_146,"[2612, 5271, 28688, 32361, 32798, 35388, 39192]"
User_147,"[1695, 5985, 15002, 16408, 21123, 37696, 39564, 44190, 48138]"
User_148,"[17662, 44058, 50119]"
User_149,"[11481, 49562, 50011]"
User_150,"[11894, 18229, 28566, 28981, 32225, 34010, 38360, 41601, 42697, 53362]"
User_151,"[21843, 22803, 26761, 30802]"
User_152,"[6855, 10539, 18888, 21614, 26977, 32471, 43917, 45460]"
User_153,"[2404, 5771, 16541, 20612, 21186, 29807, 36051, 49840, 53317]"
User_154,"[75, 26488, 33724, 50629]"
User_155,"[3552, 12293, 23709, 27082, 28969, 32669, 33976, 40804, 40986, 49574]"
User_156,"[13340, 17501, 35993]"
User_157,"[7957, 18876, 28712, 31766, 45760]"
User_158,"[39903, 41289, 52383]"
User_159,"[896, 10379, 20365, 36099, 36192, 46516]"
User_160,"[6108, 7435, 7698, 10090, 14725, 30241, 32661, 42448, 46963]"
User_161,"[15973, 17919, 27229, 30947, 31621, 33349, 46229]"
User_162,"[4575, 8946, 9479, 12491, 18104, 25138, 33308, 36127, 39280, 48909]"
User_163,"[168, 17509, 18536, 19566, 22274, 33275, 38465, 47582, 51623]"
User_164,"[9738, 21786, 22618, 24720, 29264, 31741, 35296, 35614, 36170, 49995]"
User_165,"[2860, 12363, 15306, 15650, 21088, 25098, 26920, 37473, 45711, 50826]"
User_166,"[24984, 25302, 30996, 43495, 46217, 48804, 51930, 53176]"
User_167,"[2426, 8273, 32461, 32918, 38678]"
User_168,"[1005, 6534, 6577, 9447, 28855, 29945, 34468, 47346]"
User_169,"[4903, 10116, 17368, 22187, 30768, 40845, 42911, 45397, 51218]"
User_170,"[5263, 20752, 21532, 24904, 34971, 41077, 42587, 44194, 47101]"
User_171,"[2352, 4484, 14908, 15385, 18833, 35456, 40465, 41363, 44852, 48940]"
User_172,"[6451, 28440, 41533, 49831]"
User_173,"[10902, 19625, 29076, 45482]"
User_174,"[3014, 21258, 52176]"
User_175,"[19226, 23492, 24565]"
User_176,"[9540, 11140, 11800, 16003, 27004, 34810, 37088, 44682, 51938]"
User_177,"[5175, 25070, 39943, 40613, 44769]"
User_178,"[9379, 15216, 30221, 32615, 38217, 41805]"
User_179,"[615, 16733, 18850, 30118, 30490, 43702, 52732]"
User_180,"[4840, 19605, 22646, 28949, 38507]"
User_181,"[6989, 13055, 15545, 16390, 19799, 25211, 29939, 31667, 45240]"
User_182,"[1437, 19348, 19390, 23524, 25939, 37481, 37670, 43137, 45827]"
User_183,"[530, 3214, 37088, 39741, 44944, 48802, 51007]"
User_184,"[12460, 14352, 15081, 18756, 23089, 39784, 41721, 50838, 52354, 52555]"
User_185,"[8963, 43200, 44417, 44620, 47246, 49517, 50296]"
User_186,"[2583, 20246, 41121, 42358]"
User_187,"[2186, 5906, 8612, 19340, 21411, 23911, 27230, 37982, 47995, 48986]"
User_188,"[8661, 13159, 23976, 35350, 51544]"
User_189,"[10783, 16840, 19342, 22198, 31578, 48926, 52854]"
User_190,"[4934, 9224, 30692, 49424]"
User_191,"[26044, 36524, 44197, 44323, 47462, 52729]"
User_192,"[912, 5918, 8099, 17331, 25858, 29804, 35164, 51818]"
User_193,"[17181, 24344, 24970, 38309, 41847, 44062, 44094, 49087]"
User_194,"[1640, 15323, 30898, 44226]"
User_195,"[4142, 14507, 19804, 30426, 39982, 41641, 42444, 45945]"
User_196,"[2438, 2971, 6369, 7610, 7646, 9160, 15387, 19946, 32284]"
User_197,"[24314, 25470, 29729, 43940, 48702]"
User_198,"[6489, 10126, 27189, 32069, 38491, 40347, 42920, 47618, 48645]"
User_199,"[2144, 14238, 15473, 18333, 23768, 24283, 29057, 29143, 45238]"
User_200,"[24073, 35682, 42259, 44936]"
User_201,"[3968, 6007, 8005, 12439, 18080, 26092, 29800, 43435]"
User_202,"[1399, 3314, 39134, 41909, 42054, 51563]"
User_203,"[4496, 8252, 13448, 15962, 36320, 37000, 50145, 51575]"
User_204,"[14152, 15269, 21532, 38429, 50749, 53284]"
User_205,"[185, 9482, 18171, 39058, 51684]"
User_206,"[7204, 11435, 16426, 35403, 52331]"
User_207,"[973, 8637, 23477]"
User_208,"[1034, 3434, 11419, 17391, 21218, 38591]"
User_209,"[7448, 27588, 34477, 48609, 48867]"
User_210,"[23726, 29378, 31211, 50988]"
User_211,"[14519, 29622, 33019, 40311]"
User_212,"[43181, 47660, 51329]"
User_213,"[2041, 3986, 26320, 27936, 30018, 31390, 42161]"
User_214,"[4816, 29069, 32130, 46687]"
User_215,"[4304, 9721, 21109, 39865]"
User_216,"[18023, 35937, 38362, 40915, 41489]"
User_217,"[19326, 24962, 28193, 29734, 33131, 34770, 39150, 39677]"
User_218,"[7498, 42907, 45991, 51976]"
User_219,"[14974, 22212, 27119, 28185, 29593, 29720]"
User_220,"[6231, 16704, 20481, 20483, 24530, 27262, 27968, 43588, 47815]"
User_221,"[4399, 5594, 5978, 31081, 45011]"
User_222,"[6328, 28303, 48417, 48797]"
User_223,"[3930, 8527, 21603, 36462, 36804, 36810, 38434, 53200]"
User_224,"[23173, 26922, 43603, 49170]"
User_225,"[3371, 6789, 18850, 20476, 23045, 33253, 37874, 39348, 47255]"
User_226,"[7092, 10140, 14696, 22945, 31600, 43039]"
User_227,"[7529, 14821, 18256, 28122, 36763, 37624, 49978, 52902]"
User_228,"[39911, 43111, 45447]"
User_229,"[1897, 11823, 17909, 20249, 22270, 46052, 49965]"
User_230,"[400, 4560, 9297, 9388, 11888, 26265, 37114, 43079]"
User_231,"[6013, 34765, 48897]"
User_232,"[10315, 22340, 24251, 24654, 27514, 29730]"
User_233,"[3447, 5567, 21258, 37197, 39074, 47290, 50910]"
User_234,"[3261, 10316, 40490, 44169, 49442]"
User_235,"[17832, 27788, 29039, 43380]"
User_236,"[7459, 14127, 17902, 22621, 27143, 28174, 28969, 33577, 39785, 49475]"
User_237,"[18562, 38871, 44447, 44465]"
User_238,"[503, 2976, 3590, 13397, 14451, 20212, 25903, 34533, 39277, 43721]"
User_239,"[8993, 13843, 16745, 18969, 21503, 50080, 50289]"
User_240,"[506, 28223, 32596, 48956]"
User_241,"[8466, 15080, 24917, 34903, 46115]"
User_242,"[1228, 2772, 4723, 5102, 26022, 28588, 30130, 48630]"
User_243,"[18973, 26504, 27373, 28133, 37578, 37732, 41952, 46497]"
User_244,"[1366, 11263, 21284, 26544]"
User_245,"[5775, 6937, 15945, 23714, 26243, 28552, 28620, 34338, 38592, 45194]"
User_246,"[20334, 22250, 25936, 48877]"
User_247,"[5005, 11018, 21827, 33455, 41499, 51060]"
User_248,"[12707, 33420, 34773, 50870]"
User_249,"[6737, 9597, 9679, 15484, 23009, 42299, 47669, 53414]"
User_250,"[10018, 11370, 12928, 39478, 42959, 49751, 49821]"
User_251,"[11609, 32382, 41153, 50649]"
User_252,"[29419, 36944, 36994, 37976, 40928, 41634, 42139, 44638, 49443, 49799]"
User_253,"[4475, 9893, 20718, 28820, 28980, 30731, 41105, 41378]"
User_254,"[3681, 4862, 18001, 23064, 33248, 38759, 52188]"
User_255,"[2464, 3728, 5028, 18813, 24165, 29616, 30260]"
User_256,"[25197, 33231, 38933, 40305]"
User_257,"[2688, 12336, 29473, 36327, 37464, 38032, 42718, 48425, 51892, 53072]"
User_258,"[4054, 6783, 9886, 29525, 31170, 32857, 39649, 53147]"
User_259,"[2565, 5526, 11308, 16236, 33066, 42344, 46374, 46813]"
User_260,"[10403, 18539, 23848, 24435, 25389, 26789, 28797, 34258, 34345, 39964]"
User_261,"[3431, 4319, 21931, 39183, 41345, 42421, 44492, 51722]"
User_262,"[6193, 16514, 18621, 25333, 36566, 43028, 44458, 47430]"
User_263,"[5341, 9268, 21847, 38190, 43490]"
User_264,"[8450, 20331, 25687, 38996, 42995, 43393, 45775, 46454]"
User_265,"[20288, 24686, 36629, 42171]"
User_266,"[6124, 8375, 34497, 43916, 44919, 46060, 48416, 53292]"
User_267,"[1194, 11813, 14037, 20241, 22395, 23712, 23763, 33324, 50210]"
User_268,"[5057, 6628, 9015, 10154, 12583, 14846, 19385, 33271, 50520, 51650]"
User_269,"[22070, 43380, 50220]"
User_270,"[10109, 10633, 11851, 24688, 39141]"
User_271,"[2863, 23874, 26926, 28683, 47263]"
User_272,"[18673, 29111, 40015, 49056, 49308, 51367]"
User_273,"[12715, 15335, 15674, 20281, 24106, 30737, 34996, 44453, 51404, 52993]"
User_274,"[10620, 13087, 18466, 25026, 27437, 30256, 32958, 34567, 50425, 50995]"
User_275,"[3419, 16384, 24327, 31495, 42020]"
User_276,"[8170, 18681, 33810, 46622]"
User_277,"[10506, 17877, 29446, 50011]"
User_278,"[6010, 14551, 28670, 29565, 53523]"
User_279,"[1747, 3490, 15451, 24507, 25307, 25982, 27190, 32899]"
User_280,"[1847, 14715, 20885, 24570]"
User_281,"[21973, 42595, 46838, 51863]"
User_282,"[2510, 9017, 18800, 30962, 45617]"
User_283,"[29399, 30743, 40327, 46238, 49731]"
User_284,"[1245, 5192, 16772]"
User_285,"[9798, 27738, 34588, 35966, 39903, 47660]"
User_286,"[15573, 18881, 19736, 50867]"
User_287,"[3129, 15626, 27513, 41874]"
User_288,"[1077, 4116, 7265, 15855, 32756, 33775, 35130, 37686, 39107, 41415]"
User_289,"[102, 19088, 23122, 28130, 40292]"
User_290,"[5610, 12275, 27300, 37399, 43540, 43792]"
User_291,"[1332, 4435, 33248, 33267, 34475, 35656, 36316, 51538]"
User_292,"[1064, 2853, 16623, 23402, 24464, 25354, 30810, 41659, 48976]"
User_293,"[15802, 22596, 43063, 48034]"
User_294,"[38135, 48181, 49589, 50561]"
User_295,"[2905, 8743, 11474, 22187, 23088, 35783, 42126, 53314]"
User_296,"[4135, 8837, 11945, 29994, 31361, 41401, 45573, 46926, 50868, 53182]"
User_297,"[2870, 13211, 19231]"
User_298,"[2746, 20321, 20682, 26098, 33776, 53438]"
User_299,"[2399, 3132, 12524, 16601, 18750, 23394, 42395, 42974, 49367, 51173]"
User_300,"[8157, 17905, 24118, 26215, 28636, 28818, 48713, 52385]"
User_301,"[12243, 17479, 22219, 24074, 32519, 32605, 34031, 45355, 52251]"
User_302,"[5172, 27820, 28220, 47650]"
User_303,"[5247, 6723, 19252, 21050, 35748]"
User_304,"[10921, 19375, 20086, 27925, 29223, 39493, 43314, 47032]"
User_305,"[2775, 17993, 23038, 23105, 28504, 29303, 40294, 41908, 47632, 51870]"
User_306,"[4917, 41780, 43986]"
User_307,"[2040, 9357, 10484, 23809, 33625, 39817, 44525, 49145, 52500]"
User_308,"[2280, 4406, 8272, 15466, 23733, 24007, 25090, 37174, 42281, 51020]"
User_309,"[10055, 39655, 44503]"
User_310,"[5038, 9023, 24048, 24311, 24380, 26085, 29094, 34698, 37612, 50009]"
User_311,"[1698, 7434, 12192, 16358, 18264, 32705, 42569, 48213]"
User_312,"[7717, 14062, 17058, 17155, 29246, 36809, 40099, 46139, 50788]"
User_313,"[4853, 8037, 8895, 13118, 29625, 32191, 45480]"
User_314,"[5753, 29170, 44690, 46751, 53117]"
User_315,"[4255, 19029, 19657, 22768, 35531, 36044, 43767, 46500]"
User_316,"[11409, 41792, 45889, 46501, 46649]"
User_317,"[7953, 9101, 13171, 14695, 15514, 33341, 51797, 51908]"
User_318,"[1722, 8504, 23651, 24176, 30631, 36152, 36308, 37504, 40104, 52668]"
User_319,"[4308, 20269, 26093, 46984]"
User_320,"[4833, 4860, 8213, 20776, 26832, 26921, 34451, 37676, 42096, 50407]"
User_321,"[8410, 11925, 22578, 30528, 33905, 36130, 38521, 41929, 44571, 51135]"
User_322,"[3631, 8137, 28352, 32955, 33954]"
User_323,"[10614, 10790, 19931, 21145, 46486]"
User_324,"[5168, 12864, 16423, 18615, 22676, 34006]"
User_325,"[6122, 8203, 19845, 32936, 34962, 40267, 40961]"
User_326,"[10105, 11219, 38053, 38784, 43170]"
User_327,"[1859, 2699, 2979, 5323, 36937, 37799, 42038, 50529]"
User_328,"[13815, 27301, 37495, 40508, 41876, 42672, 50263]"
User_329,"[32639, 35754, 41101]"
User_330,"[16048, 19798, 31650, 42068, 44891, 52736, 52910]"
User_331,"[3926, 4782, 10359, 19492, 27238, 28809, 29723, 31735, 45128]"
User_332,"[9415, 13370, 20485, 20926, 22294, 22634, 26130, 39758, 47078, 48116]"
User_333,"[6958, 24283, 33749, 36808, 49850]"
User_334,"[6344, 8029, 9232, 15842, 16247, 17529, 29464, 30570]"
User_335,"[19019, 25175, 40329]"
User_336,"[10466, 12440, 16270, 20494, 21458, 37859, 47259, 50011, 53312]"
User_337,"[20220, 30593, 32654, 32686, 33733]"
User_338,"[1518, 3188, 5901, 14099, 15776, 23127, 25771, 29965, 33124, 38230]"
User_339,"[18438, 32433, 39158]"
User_340,"[535, 7044, 8777, 17332, 18726, 23971, 28241, 35172, 47677, 50060]"
User_341,"[2965, 3352, 12756, 23758, 23982, 26252, 36256, 36819, 37373]"
User_342,"[4818, 18331, 25319, 29514, 33046, 36035, 50095]"
User_343,"[6336, 8432, 24457, 25814]"
User_344,"[9454, 13045, 23960, 26305, 33365, 36558, 39483, 49477]"
User_345,"[2550, 2969, 8980]"
User_346,"[9160, 9760, 29949, 31047, 33784, 34034, 39731, 52688]"
User_347,"[10649, 19610, 20875, 25752, 38910, 40178, 40402, 48452]"
User_348,"[19647, 31122, 32102, 33247, 33404, 34887, 36891, 46447]"
User_349,"[21708, 24140, 44158]"
User_350,"[20163, 27298, 38253, 52216]"
User_351,"[17401, 31102, 39119]"
User_352,"[3365, 11174, 31486, 34356, 38241, 47277]"
User_353,"[1241, 2069, 7202, 9684, 12503, 15872, 37523, 44612, 45909]"
User_354,"[9924, 13362, 20558, 26894, 27063, 27445, 32887, 40073, 45252, 50788]"
User_355,"[4081, 9049, 13588, 21302, 33992, 36758, 43399, 46253, 47671, 48223]"
User_356,"[11349, 20562, 22434, 23218, 24695, 30124, 34437, 34939, 35800, 44293]"
User_357,"[12600, 16155, 18284, 19562, 31731, 36574, 39981]"
User_358,"[13584, 18940, 19504, 45235, 46196, 50539]"
User_359,"[7987, 17921, 18860, 20777, 22859, 31444, 36732, 37583, 47294, 52127]"
User_360,"[2756, 9599, 18850, 19035, 22618, 25856, 46801, 50663, 52731]"
User_361,"[16806, 22699, 28991, 42989]"
User_362,"[7158, 8996, 13242, 14023, 17768, 17800, 35296, 36832, 40349, 45624]"
User_363,"[3326, 14789, 15889, 34802, 41808, 43898]"
User_364,"[3440, 6566, 21646, 27086, 30959, 47012]"
User_365,"[339, 9009, 44642, 50512]"
User_366,"[26667, 31175, 31290, 42633, 42787]"
User_367,"[3877, 18704, 18824, 21048, 42329, 49539]"
User_368,"[15218, 35071, 37626, 42749]"
User_369,"[11473, 11520, 27386]"
User_370,"[26017, 32465, 51639]"
User_371,"[607, 2455, 18970, 19555, 49086]"
User_372,"[18649, 21957, 29776, 42029]"
User_373,"[7382, 8794, 10649, 12636, 17880, 21671, 30672, 33044, 47914, 53006]"
User_374,"[923, 12202, 16860, 19334, 22092, 37210, 42486, 47094, 48274, 51823]"
User_375,"[11501, 26574, 28029, 33769, 40039, 41859]"
User_376,"[5684, 6251, 9215, 12109, 21207, 26269, 31290, 43860]"
User_377,"[447, 15435, 17090, 25137, 29277, 49398]"
User_378,"[749, 17141, 19788, 21602, 37544, 38172, 47374]"
User_379,"[4071, 7747, 10467, 15486, 20106, 30500, 43764, 45401]"
User_380,"[7694, 19335, 20380, 32933, 41858, 44962, 45238, 46108, 50452]"
User_381,"[8753, 10039, 14360, 14473, 29817, 31338, 40280, 49003]"
User_382,"[27252, 30856, 35226, 35994, 43522, 46002, 49633, 52559]"
User_383,"[16217, 39047, 44586, 49462, 49929, 51601]"
User_384,"[29278, 34439, 34614, 46122]"
User_385,"[4047, 5118, 7353, 13248, 33127, 35890, 36973, 37532]"
User_386,"[7617, 10783, 21503, 28956, 34101]"
User_387,"[5959, 29195, 32035, 33447, 38217, 46983]"
User_388,"[8647, 29716, 33636]"
User_389,"[3783, 20196, 29936, 30302, 36621, 36956, 44090, 47400, 52882]"
User_390,"[16676, 25948, 53507]"
User_391,"[14280, 37900, 48877]"
User_392,"[2968, 22579, 27767, 45900]"
User_393,"[3948, 4523, 30937, 35465]"
User_394,"[11795, 18814, 26795]"
User_395,"[27548, 42042, 42328, 47794, 50189]"
User_396,"[5259, 24618, 24739, 25066, 29395, 35343, 43371, 44743]"
User_397,"[7774, 11696, 22791, 35209, 42830]"
User_398,"[227, 1489, 8345, 14594, 19553, 30343, 34658, 47700, 49556]"
User_399,"[10166, 12352, 15051, 16220, 18064, 22685, 24856, 30187, 34860]"
User_400,"[2111, 27475, 43266, 53049]"
User_401,"[4409, 13505, 15772]"
User_402,"[2200, 29257, 38924, 39176]"
User_403,"[2899, 16038, 48532]"
User_404,"[3699, 9183, 14238, 15357, 28767, 33023, 35373, 49439, 50860]"
User_405,"[15346, 20899, 37755, 37845, 39185, 47940, 53463]"
User_406,"[9388, 14486, 15525, 19693, 19776, 27103, 34160, 43267]"
User_407,"[3994, 11477, 36485, 38775, 41025, 44482, 48182]"
User_408,"[3072, 22571, 24979, 32481, 34371, 36428, 42160, 43997, 51498]"
User_409,"[9779, 12050, 19653, 24671, 26755, 27284, 45633, 49441]"
User_410,"[3776, 9460, 14768, 15792, 19709, 27045, 30344, 36856, 46371, 52807]"
User_411,"[8787, 13325, 15915, 16711, 21644, 25455, 34733, 36522, 42382]"
User_412,"[6059, 24318, 29477, 35103]"
User_413,"[3377, 17593, 24718, 39513, 39647, 44149]"
User_414,"[4769, 12331, 52733]"
User_415,"[1004, 13689, 13881, 19869, 21821, 31417]"
User_416,"[7688, 15898, 31386, 48593, 48947, 49435]"
User_417,"[15684, 18550, 21077, 25993, 36181, 50824]"
User_418,"[17141, 20212, 23544, 23569, 30556, 32589, 33607, 34973, 42514]"
User_419,"[6462, 13312, 20507, 20986, 24294, 27127, 30768, 47344, 49914, 52613]"
User_420,"[14501, 36865, 48578]"
User_421,"[1062, 17090, 36261, 37954, 38275]"
User_422,"[9988, 12857, 15074, 16104, 19345, 21618, 24893, 32722, 37341]"
User_423,"[16864, 30200, 32022, 32151, 42054, 47419, 48470, 50027]"
User_424,"[9172, 11092, 23080, 48022, 52099]"
User_425,"[2216, 3179, 3849, 4871, 12061, 34337, 35529, 42061, 43792, 50091]"
User_426,"[9010, 27026, 41333]"
User_427,"[599, 4454, 9897, 14334, 33143, 46345]"
User_428,"[1030, 3961, 24458, 31667, 31972, 40404, 40490, 41794, 43206, 43696]"
User_429,"[26957, 34879, 36152]"
User_430,"[1096, 34695, 47329]"
User_431,"[1123, 18788, 32913, 35110, 44173, 45734, 53291]"
User_432,"[6312, 7013, 9758, 11748, 12578, 15792, 34366, 40617, 52833]"
User_433,"[5178, 17519, 23228, 24448, 26011, 52096, 53425]"
User_434,"[5283, 14801, 15938, 19659, 30080, 37027, 42843, 44829, 45694]"
User_435,"[6127, 24855, 26560]"
User_436,"[619, 3677, 5418, 11231, 31195, 32758, 36221, 41729, 46061]"
User_437,"[2788, 6249, 13855, 15057, 21710, 34613, 37083, 42264, 51404]"
User_438,"[2156, 3051, 4872, 11754, 17766, 18374, 35588, 36930, 43129, 44854]"
User_439,"[1026, 5042, 9449, 13576, 26102, 38471, 46708, 49299]"
User_440,"[10646, 15759, 25503, 35426, 36959, 37138, 44370]"
User_441,"[5139, 9171, 25155, 45174, 47458, 48479, 49519, 51806]"
User_442,"[3519, 4981, 6401, 15213, 22321, 28645, 39660, 50397]"
User_443,"[1941, 14951, 17912, 21389, 29527, 32152, 41557, 50695, 51350]"
User_444,"[12172, 24603, 24908, 28301, 36243, 38395, 43297, 44544]"
User_445,"[19357, 40541, 50604, 52301]"
User_446,"[4817, 5376, 10107, 17561, 24903, 46734]"
User_447,"[6982, 20753, 23638, 25534, 48474]"
User_448,"[340, 20202, 23587, 29146]"
User_449,"[5721, 6699, 8683, 12280, 28244, 29415, 36502]"
User_450,"[1721, 5873, 6099, 6769, 23194, 36321, 39120, 39193, 51408]"
User_451,"[808, 5550, 19126, 25246, 25414, 27119, 47503, 51063]"
User_452,"[11108, 11113, 24951, 34151, 37483, 44912]"
User_453,"[9563, 17590, 17623, 19734, 32317]"
User_454,"[10958, 18085, 27597, 28486]"
User_455,"[5041, 16160, 16495, 23666, 31734, 47244, 51292]"
User_456,"[443, 7010, 8879, 12815, 19966, 21772, 25932, 30006, 38915, 40414]"
User_457,"[8921, 21596, 21937, 28220, 28850, 38954, 42666, 52695, 53443]"
User_458,"[11641, 13163, 20590, 21015, 31392, 39532, 45566]"
User_459,"[15887, 19100, 20915, 32178, 37740, 41477, 45544, 48160, 51247]"
User_460,"[7463, 18369, 23921, 24645, 25751, 36952, 51502, 53509]"
User_461,"[11791, 35758, 36051, 38812, 44676, 50306]"
User_462,"[30252, 46423, 47658]"
User_463,"[4532, 19092, 28734, 45405, 52144, 52277]"
User_464,"[9121, 10101, 15861, 16559, 19846, 32722, 41506, 43166, 44104]"
User_465,"[4847, 24706, 26267, 29430, 31407, 35020, 38157, 39186, 51712]"
User_466,"[2409, 23562, 35186, 35628, 38916, 41823, 45982, 51820, 53234]"
User_467,"[7167, 16268, 43096, 50394]"
User_468,"[2903, 10901, 36911, 40152, 42272, 42384, 42401, 44398]"
User_469,"[691, 6462, 6943, 14549, 16956, 21731, 28210, 49327, 52181]"
User_470,"[24518, 25633, 29214, 30347, 44535, 50616]"
User_471,"[1609, 6851, 19361, 22607, 31638]"
User_472,"[5626, 7606, 9284, 20440, 22483, 22828, 29840, 47851, 51397]"
User_473,"[6397, 22826, 28715, 31205, 31649, 34151]"
User_474,"[1480, 2928, 4402, 7542, 19678, 20900, 22483, 42465, 46581, 53096]"
User_475,"[10771, 44377, 48528, 52432]"
User_476,"[10494, 11432, 21691, 33816, 36169, 36690]"
User_477,"[12088, 12215, 15194, 26545, 30281, 41271, 41974, 43077, 52281]"
User_478,"[1913, 12931, 25482, 25924, 28151, 29463, 38810, 40246, 48325]"
User_479,"[13486, 14076, 46185]"
User_480,"[4100, 6668, 37837, 46121, 49304, 52167, 53000]"
User_481,"[7468, 12915, 21363, 23972, 29986]"
User_482,"[20539, 25469, 32078, 34584, 39123, 41884, 43955]"
User_483,"[7486, 11306, 22801, 23067, 30006, 38469, 40459, 44144, 53329]"
User_484,"[5554, 7724, 8778, 20524, 38677, 40270, 44047]"
User_485,"[7664, 9264, 11996, 20013, 24464, 45445]"
User_486,"[9035, 12173, 25146, 27409, 27724, 31894, 37670, 39087, 41648]"
User_487,"[9194, 10935, 18929, 32089, 36366]"
User_488,"[3513, 20616, 23529, 29556, 40593]"
User_489,"[8947, 12787, 31759]"
User_490,"[26813, 27238, 32225, 32438, 33124, 36803, 42799, 44872, 46539]"
User_491,"[2022, 2142, 5417, 10961, 14452, 19142, 32027, 37053, 49876, 52158]"
User_492,"[11023, 14735, 18918, 29971, 35232, 37070, 51166]"
User_493,"[7419, 7484, 17556, 24042, 33476, 35523, 35593, 36026, 37533, 50797]"
User_494,"[28925, 47119, 49807]"
User_495,"[6711, 16222, 27862, 42839, 48233, 49240]"
User_496,"[2112, 5700, 17223, 22844, 28774, 29473, 53525]"
User_497,"[13754, 15528, 50831, 53207]"
User_498,"[9124, 10877, 28060, 39994, 40380, 41469, 46579, 51435]"
User_499,"[3890, 13562, 22991, 37360, 52785, 53315]"
User_500,"[11034, 18961, 19178, 21210, 35308, 39115, 46140]"
User_501,"[6240, 8885, 33712, 44518, 49158, 51491, 53423]"
User_502,"[3885, 8315, 8696, 9584, 16362, 18174, 42984, 45968, 46621]"
User_503,"[9317, 16223, 25736, 32077, 37842, 41445, 44317, 49903]"
User_504,"[4949, 24587, 27146, 29621, 41144, 41525, 52074]"
User_505,"[18233, 26401, 33791, 49139]"
User_506,"[162, 6104, 21449, 29798, 31984, 38139, 48019, 50733]"
User_507,"[4150, 14275, 23476, 26064, 28157, 35024, 41604, 43525, 45697, 52145]"
User_508,"[17598, 18585, 21159, 22135, 32421, 35868]"
User_509,"[22527, 31807, 37102, 44731, 51662]"
User_510,"[3010, 6525, 41037]"
User_511,"[44, 1067, 8142, 8645, 10353, 13259, 28036, 28920, 29918, 45127]"
User_512,"[5401, 6117, 10418, 16409, 17958, 23621, 42899]"
User_513,"[3393, 10847, 20021, 25974, 40999, 42527, 43549, 47578]"
User_514,"[71, 5976, 6237, 28130, 42957, 46117]"
User_515,"[5107, 8696, 14823, 31248, 34042, 38907]"
User_516,"[528, 608, 4641, 7903, 8662, 22516, 27676, 31306, 45484, 45586]"
User_517,"[5854, 6712, 6763, 25104, 47891, 52819]"
User_518,"[8725, 8986, 19611, 24088, 25082, 49358, 50689, 53304]"
User_519,"[555, 4483, 34767, 36915, 39997]"
User_520,"[13962, 23015, 28842, 41161, 47345]"
User_521,"[14237, 26981, 28992, 40375, 44994]"
User_522,"[6584, 8071, 9175, 49312]"
User_523,"[5521, 9163, 16238, 18151, 20611, 23038, 28140, 42245, 51844]"
User_524,"[18672, 36267, 39322, 39387, 39819, 47263]"
User_525,"[13464, 19768, 43149]"
User_526,"[3576, 19368, 25673, 42347, 49010, 51367]"
User_527,"[7388, 15799, 25289, 32432, 32740, 41817]"
User_528,"[790, 20740, 23664, 34621]"
User_529,"[23947, 25351, 27581, 35806, 37249]"
User_530,"[1093, 4783, 30868, 49986, 50486]"
User_531,"[903, 2610, 14138, 17182]"
User_532,"[26081, 33201, 51726]"
User_533,"[27225, 27759, 32836, 41194, 45993, 46702, 50273]"
User_534,"[5401, 5478, 10006, 18184, 20310, 35164, 35235, 40373, 41978]"
User_535,"[10182, 13316, 33508, 52957]"
User_536,"[4332, 25606, 38432, 41569, 42149, 42587, 44633, 50018]"
User_537,"[3794, 5650, 15639, 16022, 28671, 45788, 47838]"
User_538,"[3606, 7601, 20269, 29712, 39900, 40127, 43126, 43652, 48607]"
User_539,"[830, 7827, 8992, 45973, 46392]"
User_540,"[10736, 22721, 32532]"
User_541,"[8318, 10942, 17613, 24370, 48033, 49137, 51191]"
User_542,"[1923, 21955, 50556, 52894]"
User_543,"[4185, 5050, 17232, 17824, 32515, 34331, 37791, 41125, 46682]"
User_544,"[3633, 10309, 10936, 16719, 23601, 24096, 32742, 33474, 37151, 50680]"
User_545,"[7558, 37611, 44179, 47368]"
User_546,"[168, 805, 2886, 16026, 33346, 48547]"
User_547,"[23853, 25098, 30917]"
User_548,"[2317, 11728, 36232, 46794, 52632]"
User_549,"[5104, 14713, 16270, 17777, 20967, 21089, 27279, 37456, 47204]"
User_550,"[3451, 7825, 11753, 14626, 32901, 33801, 44127, 52713]"
User_551,"[4517, 26275, 30480]"
User_552,"[522, 5661, 20361, 21449, 29933, 36247, 50693]"
User_553,"[13151, 15897, 19109, 19917, 36949, 40810, 48468, 51413]"
User_554,"[12807, 24135, 32332, 35819, 38777, 48002, 49838, 50633, 50848, 52164]"
User_555,"[417, 1566, 9867, 15269, 26872, 35490]"
User_556,"[95, 628, 21955, 24659, 41677, 43077, 45446, 49737]"
User_557,"[3925, 6812, 13447, 15608, 27513, 32245, 34721]"
User_558,"[2877, 6096, 15169, 18338, 46638]"
User_559,"[5564, 6263, 8749, 24411, 30045, 33123, 38061, 45930, 49014]"
User_560,"[4081, 4904, 8566, 15517, 19115, 28507, 37212, 38790, 43413]"
User_561,"[20644, 20844, 21381, 25752, 45922, 48192, 52482]"
User_562,"[4894, 7141, 8920, 10184, 13284, 15309, 17822, 38319, 50472, 51113]"
User_563,"[10772, 20580, 29462, 30543]"
User_564,"[7912, 13607, 17367, 20205, 23480, 29616, 30365, 35122, 50484]"
User_565,"[5925, 10329, 44961, 52926]"
User_566,"[2643, 9720, 14091, 21482, 39538, 45670, 46183]"
User_567,"[16267, 23313, 25968, 46606]"
User_568,"[17050, 19584, 44379]"
User_569,"[2036, 26502, 29635, 36434, 49026]"
User_570,"[6207, 6678, 9161, 30280, 52023, 52684]"
User_571,"[783, 4041, 14567, 51180]"
User_572,"[12984, 24395, 26252, 41307, 44976]"
User_573,"[16962, 38163, 38411, 53264]"
User_574,"[1428, 4225, 12959, 42335]"
User_575,"[2798, 3318, 6027, 8029, 8440, 11009, 21728, 30211, 53011, 53038]"
User_576,"[1932, 11325, 23196, 25082, 25886, 27961, 32514, 44775, 47476]"
User_577,"[2270, 9740, 12265, 18021, 18340, 29229]"
User_578,"[19340, 27000, 31393, 32695, 36089, 42420]"
User_579,"[5748, 18335, 25101]"
User_580,"[13071, 27474, 34459, 42116, 52245]"
User_581,"[1279, 25067, 35629, 41337, 52091, 52570]"
User_582,"[21076, 22546, 31436, 31763, 32924, 35685, 37070, 51212]"
User_583,"[1708, 1920, 11784, 14353, 17723, 20897, 39132, 51022, 53129]"
User_584,"[3839, 23424, 30912, 34696, 38272, 50255, 52995]"
User_585,"[6562, 10461, 15804, 16243, 17467, 43048]"
User_586,"[14379, 37728, 50072]"
User_587,"[11384, 11540, 15502, 20840, 23252, 38831, 45719, 48372, 52835]"
User_588,"[1848, 9312, 23047, 36936, 37201, 38768, 45911, 46101]"
User_589,"[11505, 20254, 32141, 32258, 35528, 53110]"
User_590,"[3681, 5915, 15245]"
User_591,"[44, 1306, 21740, 31325, 34501, 40247]"
User_592,"[8551, 11630, 22331, 46985, 52587, 52851]"
User_593,"[1436, 3903, 7269, 9283, 9680, 38444, 46182, 50748]"
User_594,"[4753, 6621, 22056, 24483, 25925, 38405, 43393, 46172]"
User_595,"[8942, 10322, 21142, 28630, 41894, 47995, 51894]"
User_596,"[11416, 14630, 20793, 23384, 36829, 40220, 42544, 45453, 46345, 51576]"
User_597,"[19301, 20107, 24797, 45121, 48103]"
User_598,"[117, 11646, 37541, 46006, 47764]"
User_599,"[2122, 11932, 14476, 20854, 37190, 39478, 40067, 50517, 53005]"
User_600,"[9217, 21703, 32517, 48846]"
User_601,"[11002, 15597, 20939, 22728]"
User_602,"[41884, 43910, 46462, 47794]"
User_603,"[746, 4442, 13741, 16353, 17380, 22969, 29270, 45427]"
User_604,"[83, 3155, 7080, 25292, 28719, 47213, 51578]"
User_605,"[6647, 10901, 23018, 24598, 24819, 27133, 31423, 32314, 35784]"
User_606,"[2189, 4830, 10659, 19327, 29575, 52376]"
User_607,"[6863, 17113, 20887]"
User_608,"[10545, 11148, 22400, 24606]"
User_609,"[6101, 22147, 35851, 38930]"
User_610,"[2031, 3509, 6636, 10295, 10813, 28267, 28455, 39801, 42836, 46170]"
User_611,"[12450, 13470, 26822, 35397, 36314, 45691, 47319, 47839]"
User_612,"[3252, 6285, 15567, 18449, 19490, 25749, 43292]"
User_613,"[250, 3572, 5742, 10065, 19303, 23647, 28023, 39335, 40965, 43386]"
User_614,"[1686, 5369, 6356, 7569, 11195, 13085, 13562, 19124, 31035, 41824]"
User_615,"[5972, 17367, 26048, 30863, 32053, 43321, 51437]"
User_616,"[2924, 12116, 12227, 17255, 24209, 24315, 24998, 28818, 29214]"
User_617,"[4039, 6337, 9904, 14827, 17262, 17600, 36978, 43743, 45643, 49298]"
User_618,"[22530, 35484, 43787, 52964]"
User_619,"[3996, 14910, 25369, 27435, 34247, 35095, 36280, 38648, 49575]"
User_620,"[2275, 5174, 15443, 19585, 25873, 31212, 32905, 37435, 37533, 46812]"
User_621,"[7882, 10955, 11329, 29428, 49623]"
User_622,"[2796, 5135, 8269, 12630, 27746, 52983]"
User_623,"[4391, 9691, 13232, 16900, 20955, 38997, 41105, 47651, 52910]"
User_624,"[25434, 26041, 36179, 36461]"
User_625,"[810, 18101, 30025, 34058, 38507, 40832, 45902, 51547]"
User_626,"[6566, 7374, 9712, 9806, 27160, 37132, 38186, 38530, 49701]"
User_627,"[6618, 36876, 51088, 51494]"
User_628,"[17310, 22535, 25103, 26928, 31823, 35103, 42912]"
User_629,"[2455, 9427, 11285, 18049, 26327, 26409, 39888, 40517, 44617, 45459]"
User_630,"[21724, 25938, 45253]"
User_631,"[1325, 3230, 17601, 24408, 31143, 48873]"
User_632,"[6436, 18372, 19861, 20378, 32218, 44882, 45625, 52012]"
User_633,"[8807, 19692, 21028, 29039, 48740, 50726]"
User_634,"[5851, 12316, 27313, 28948, 39647, 42307, 47762]"
User_635,"[24504, 26684, 31749, 33849, 48558, 49774]"
User_636,"[10418, 33768, 51871]"
User_637,"[20389, 26436, 33213, 46502]"
User_638,"[1897, 11386, 34359, 37268, 51151]"
User_639,"[2167, 3313, 3776, 13154, 16350, 29913]"
User_640,"[13048, 17955, 24140, 26014, 30423, 33103, 41642, 46178]"
User_641,"[2002, 15855, 24409, 44641]"
User_642,"[10716, 11638, 16951, 22560, 22921, 29235, 31102, 36132, 38461, 38931]"
User_643,"[1798, 3253, 18682, 25333]"
User_644,"[14045, 14506, 37503, 42426, 51106]"
User_645,"[13548, 17634, 26837, 33638, 42702, 44413]"
User_646,"[44708, 50303, 51137]"
User_647,"[8671, 31070, 42426]"
User_648,"[554, 14664, 16540, 39396, 52485]"
User_649,"[18047, 22853, 24672, 27774, 42122, 46489, 46710]"
User_650,"[6705, 14300, 16514, 19801, 26027, 30585, 34120, 38304, 40868, 44380]"
User_651,"[24525, 33522, 43408]"
User_652,"[4183, 7084, 18119, 19560, 22038, 31571, 44853]"
User_653,"[9825, 12344, 17114, 18145, 19581, 42694, 42999, 46602]"
User_654,"[3720, 26482, 39323, 52583, 52784, 53086]"
User_655,"[1668, 9170, 17001, 19372, 32595, 42952, 44614, 47270]"
User_656,"[2314, 12446, 25445, 26515, 37489, 38209, 46404, 48282, 53478]"
User_657,"[14572, 31177, 35037, 41832, 44978, 46751, 47615, 51439]"
User_658,"[6396, 11140, 11870, 19253, 19673, 33247, 36585, 43097]"
User_659,"[8384, 11997, 16951, 21996, 36636, 44545, 47525, 48556, 49998, 52975]"
User_660,"[14565, 14636, 23283, 48772]"
User_661,"[17076, 19270, 21713, 24358, 27556, 38375, 51648]"
User_662,"[3517, 4667, 7718, 12749, 30837, 30947, 38031, 38245, 40675, 41575]"
User_663,"[19553, 25013, 34723, 44610]"
User_664,"[3543, 9002, 9386, 9881, 13126, 22457, 26816, 29987, 37316]"
User_665,"[5296, 11588, 11819, 21799, 31954, 41355, 46902, 51048]"
User_666,"[308, 3801, 13722, 17925, 29625, 41582, 49885, 50694]"
User_667,"[10383, 32084, 37767, 50101, 51459]"
User_668,"[8480, 28423, 40270, 41516]"
User_669,"[305, 2472, 13068, 25121, 26436, 28116, 31286, 34981, 47884]"
User_670,"[270, 922, 1174, 12489, 21116, 34801, 44351, 49600]"
User_671,"[6731, 8449, 14828, 20453, 22567, 45450]"
User_672,"[2996, 4278, 10945, 19059, 19542, 20061, 29879, 32986, 38579]"
User_673,"[8768, 12348, 22461, 23543, 28420, 32124, 45008, 49159]"
User_674,"[1253, 14701, 14969, 26436, 53215]"
User_675,"[1436, 13840, 33071, 38646, 48108]"
User_676,"[8071, 24024, 42633, 46603, 51912]"
User_677,"[16763, 24588, 41964]"
User_678,"[3143, 38923, 43382]"
User_679,"[1293, 3161, 42832, 45203]"
User_680,"[8099, 24920, 27313, 29118]"
User_681,"[10035, 13467, 31090, 41308, 44940, 45560, 45997]"
User_682,"[19733, 27582, 43362]"
User_683,"[17693, 34098, 40815, 43416]"
User_684,"[6875, 27448, 33527, 40481, 47105]"
User_685,"[6964, 7471, 18527, 51430]"
User_686,"[13018, 13090, 13216, 17235, 23456, 26853, 34284, 39911, 46100, 50984]"
User_687,"[2582, 10510, 13611, 31500, 32529, 35922, 45102]"
User_688,"[179, 835, 5832, 7237, 15368, 37627, 43845, 44016]"
User_689,"[4918, 5903, 6638, 9774, 16770, 33535, 42227, 47419, 47420, 51087]"
User_690,"[3282, 6541, 17309, 19400, 29933, 30426]"
User_691,"[2585, 19042, 23607, 44352, 52533]"
User_692,"[633, 3007, 6225, 7595, 9069, 27918, 48400, 49689]"
User_693,"[17583, 21539, 23430, 28686, 40750]"
User_694,"[11984, 22460, 24420, 53409]"
User_695,"[17814, 26230, 26265, 29919]"
User_696,"[7409, 8684, 10930, 27639, 31342, 42522, 45213, 52226, 52422]"
User_697,"[6796, 10446, 27264]"
User_698,"[11879, 23501, 24887, 28715, 37286, 40063, 40065, 44459, 51063, 52577]"
User_699,"[8562, 44857, 47662]"
User_700,"[810, 3012, 4150, 7401, 17145, 20593, 26953, 28880, 31989, 42924]"
User_701,"[22170, 34019, 34282, 43898, 45104, 45913]"
User_702,"[16290, 28367, 43366, 47621]"
User_703,"[763, 3576, 9742, 22659, 25223, 36591, 40167, 42035, 43496, 44321]"
User_704,"[4906, 10839, 30755, 32495, 33132]"
User_705,"[3299, 14595, 15787, 18229, 21013, 21685, 24814, 33222, 36077, 42160]"
User_706,"[5166, 5768, 15400, 29110, 29366, 30087, 32666, 37554, 52511]"
User_707,"[1164, 2348, 6726, 7779, 20713, 26439, 27023, 32595, 42819, 48839]"
User_708,"[5956, 39597, 51890]"
User_709,"[13556, 22338, 29898, 33314, 36853, 42899, 44005]"
User_710,"[3556, 14609, 21756, 29783, 36710, 40616, 50293, 53515]"
User_711,"[6385, 7472, 14532, 23808, 29657, 43068, 43182, 46918, 46966, 49762]"
User_712,"[22371, 23274, 41527]"
User_713,"[3000, 6967, 10758, 24503, 34208, 35893, 46012]"
User_714,"[7009, 9204, 12290, 12839, 16665, 26818, 40032, 46979, 47288, 48661]"
User_715,"[14128, 25748, 29952, 51211]"
User_716,"[3047, 7062, 22146, 27162, 46975, 49620]"
User_717,"[29524, 29975, 43152, 50603]"
User_718,"[284, 3183, 32691, 34757, 48248]"
User_719,"[11380, 11613, 31649, 33314, 37916, 38346, 45338, 47873, 51188]"
User_720,"[6786, 25389, 39357, 39725, 43091]"
User_721,"[16268, 17930, 25209, 27437, 33037, 39911, 45384, 49962]"
User_722,"[8740, 9055, 19278, 22469, 27049, 29677, 39487, 45876, 52743]"
User_723,"[20572, 35901, 36279, 41456, 45973, 46653, 48288]"
User_724,"[13165, 13743, 19043, 40905, 44997, 46817]"
User_725,"[8694, 11653, 33023, 35552, 42604, 44064, 45502, 46556]"
User_726,"[7563, 23084, 31481, 36849, 37397, 38194, 46553, 49858]"
User_727,"[836, 6977, 18738, 27681, 34257, 34989, 44187, 49012, 52973]"
User_728,"[3477, 9524, 24960]"
User_729,"[13100, 17496, 49164]"
User_730,"[4065, 9596, 16420, 18783, 44786]"
User_731,"[2117, 13369, 23506, 29661, 35466, 49387, 53348]"
User_732,"[36823, 40377, 44271, 48463]"
User_733,"[15571, 25486, 33483, 36783, 42409, 48654]"
User_734,"[3078, 25007, 25398, 27300, 43548, 45412, 51649]"
User_735,"[849, 3525, 13309, 16471, 36184, 40669, 48737, 51178]"
User_736,"[14781, 24100, 35822, 38560, 41535, 42443, 46178, 46500, 48395, 49486]"
User_737,"[11627, 12681, 19279, 29413, 47507, 50865]"
User_738,"[11389, 12253, 33675, 48174]"
User_739,"[2663, 18291, 24720, 28082]"
User_740,"[369, 8524, 10546, 16712, 21663, 30561, 38272]"
User_741,"[2617, 3332, 10073, 21143, 39117]"
User_742,"[4776, 23467, 32148, 36055, 37530, 51382, 51767]"
User_743,"[4468, 10444, 12050, 14415, 33104, 34118, 34432, 51528]"
User_744,"[6025, 13982, 14496, 21750, 22898, 26438, 35195, 35591, 43472]"
User_745,"[14316, 19239, 23645, 31120, 34766, 36787, 40519, 49326]"
User_746,"[7518, 22675, 43839]"
User_747,"[2613, 15751, 15979, 21032, 24993, 40219, 40706, 42091, 44731, 52180]"
User_748,"[16815, 25288, 35404, 47446]"
User_749,"[1619, 24573, 33340, 33705, 33873, 50495, 52613]"
User_750,"[2873, 5396, 6288, 10970, 12616, 19427, 20992, 31903, 33678, 42698]"
User_751,"[4290, 13813, 41086]"
User_752,"[6810, 13472, 27800, 35242, 44918, 46054]"
User_753,"[1556, 4726, 10076, 30095, 42373, 44960, 46980, 48948, 53526]"
User_754,"[2482, 3556, 4800, 5735, 11664, 16509, 36574, 52049]"
User_755,"[14918, 16950, 26714, 37680]"
User_756,"[1106, 7753, 20735, 25526, 26505, 28378, 29564, 41301, 44125]"
User_757,"[40524, 42036, 47204]"
User_758,"[2982, 38378, 48886, 49542]"
User_759,"[6955, 18994, 23442, 32953]"
User_760,"[5669, 18449, 24996, 25894, 28683, 39751, 50153]"
User_761,"[10244, 31063, 34961]"
User_762,"[8937, 25624, 35764, 48939, 52217, 52263]"
User_763,"[9442, 19533, 41552, 42463, 44386, 47797, 52102]"
User_764,"[329, 730, 2737, 8076, 9265, 36275, 36377, 37533]"
User_765,"[5578, 13766, 19968, 22534, 35202, 35882, 47575, 48590, 49040]"
User_766,"[9335, 10548, 12058, 27043, 33590, 42331]"
User_767,"[7511, 11885, 12735, 16563, 40428, 43973]"
User_768,"[30229, 35969, 49220]"
User_769,"[4414, 16429, 19048, 44019]"
User_770,"[12937, 31928, 38049, 47552]"
User_771,"[6556, 8402, 15370, 18686, 23405, 40600, 42957, 43994]"
User_772,"[12681, 20826, 29533, 31841]"
User_773,"[9987, 20032, 37064, 37149, 38284, 40392, 43215, 45446]"
User_774,"[316, 11051, 16133, 20526, 20731, 28069, 51489, 52933]"
User_775,"[18132, 23559, 28581, 41997, 46674, 48484]"
User_776,"[21729, 30333, 31454, 44536, 48036]"
User_777,"[5372, 7132, 11519, 20019, 23510, 31914, 36154, 39755, 42306, 50775]"
User_778,"[5011, 9175, 12873, 17251, 35298, 41066, 48073]"
User_779,"[1220, 2044, 33238, 41394]"
User_780,"[2402, 13943, 17079, 30939, 35368, 35616, 36149, 38668, 50410]"
User_781,"[14634, 23974, 25722, 38640, 50603]"
User_782,"[5934, 8774, 23846, 26003, 30454, 32841, 33450]"
User_783,"[15655, 43429, 52857]"
User_784,"[9199, 10434, 29243, 33694, 49624]"
User_785,"[9581, 37081, 37116, 43215, 48229]"
User_786,"[2648, 4119, 14340, 15187, 15336, 17324, 23514, 24211, 31958, 49903]"
User_787,"[13551, 33940, 43816]"
User_788,"[2615, 3043, 6764, 21238, 25434, 29795, 30780, 42501]"
User_789,"[11393, 17256, 24684, 35674, 37366, 37921, 48621]"
User_790,"[5101, 14607, 16487, 23940, 24663, 33840, 33860, 38514, 42817]"
User_791,"[432, 9107, 22612, 23127, 31595, 31906, 32888, 39597, 51947]"
User_792,"[5052, 9846, 10312, 10853, 12249, 13861, 15072, 18403, 33720, 42170]"
User_793,"[7754, 15095, 21641, 27172, 39454, 43326, 47009, 53161]"
User_794,"[31379, 31393, 31556, 44251]"
User_795,"[1471, 10567, 15969, 26928, 38718, 42418]"
User_796,"[8381, 37584, 38820]"
User_797,"[2568, 8829, 33596, 37504, 41257]"
User_798,"[3664, 10901, 11798, 16925, 33858]"
User_799,"[1220, 5619, 18576, 36936, 39279, 41787, 43368, 47156, 47708]"
User_800,"[11178, 14376, 29438, 30894, 31566, 39749]"
User_801,"[9352, 11919, 33476, 38184, 39376, 40842, 43230, 50298, 52075]"
User_802,"[10991, 22457, 29718, 38705, 39094, 44930, 47460]"
User_803,"[8664, 15061, 24786, 25261]"
User_804,"[1085, 13261, 33053, 34256]"
User_805,"[2558, 6311, 9801, 11627, 31186, 39309, 39682, 40288, 51371]"
User_806,"[6107, 8541, 31604, 43213]"
User_807,"[42548, 44470, 50781]"
User_808,"[2846, 15039, 24273, 27569, 28112, 34212, 34722, 45720, 52579]"
User_809,"[22971, 24984, 37756, 38603, 45659, 48587, 49908, 50375, 51744, 52731]"
User_810,"[8774, 16680, 27884, 31269]"
User_811,"[5493, 16895, 18564, 26781, 35633, 39209]"
User_812,"[358, 466, 37878, 46474, 48735, 51735]"
User_813,"[471, 24577, 34063, 42896]"
User_814,"[6985, 20702, 23741, 26794, 45073, 52709]"
User_815,"[16622, 17124, 27923, 38362, 42701]"
User_816,"[13349, 18059, 23962, 26047, 27081, 37006, 40100, 44604, 49477]"
User_817,"[11712, 16631, 20096, 22567, 24262, 31703, 36366, 36640, 37856, 50737]"
User_818,"[7804, 9048, 15058, 29268, 43206, 45830, 48220, 49008, 51321]"
User_819,"[6571, 14054, 26251, 33314, 51516]"
User_820,"[3411, 10534, 36082, 40240, 44863, 45682, 46320, 52484]"
User_821,"[346, 5776, 5969, 9524, 28532, 30911, 39337, 41672, 52715]"
User_822,"[5245, 14533, 17241, 24303]"
User_823,"[25187, 26256, 47480]"
User_824,"[3765, 11486, 32398, 39155, 41962, 46635, 50699]"
User_825,"[701, 2202, 12762, 13219, 18743, 33957, 39289, 43049, 51377, 52685]"
User_826,"[2363, 11107, 15679, 23575, 40317, 44172]"
User_827,"[5691, 10318, 18083]"
User_828,"[1007, 13127, 23142, 25896, 26571, 33930, 38409, 43886, 48295]"
User_829,"[5909, 18644, 36018, 47588]"
User_830,"[12748, 14830, 18121, 22772, 26473, 29803, 39738, 53445]"
User_831,"[11471, 17111, 26681]"
User_832,"[4743, 19284, 32975, 36610]"
User_833,"[7668, 16888, 33638, 35252, 37676, 51995, 52621, 53290]"
User_834,"[15943, 24712, 29017, 31695, 36907, 45494, 50460]"
User_835,"[1792, 7619, 30071, 30193, 31586, 38458, 44668, 50829]"
User_836,"[4427, 14442, 25078, 41527, 44362, 45952, 51685]"
User_837,"[20691, 23140, 27028, 33849, 35104, 52439]"
User_838,"[16269, 17258, 45928]"
User_839,"[4982, 6095, 22412, 26144, 36343, 44151, 49072]"
User_840,"[14323, 20569, 23169, 31231, 37598]"
User_841,"[11978, 12462, 13085, 32702, 44768, 48307, 48900]"
User_842,"[13288, 13551, 15021, 15863, 17393, 48197]"
User_843,"[6991, 7856, 10223, 23332, 40540, 51048]"
User_844,"[32287, 40227, 43478, 44290]"
User_845,"[2769, 35486, 50085]"
User_846,"[11984, 18004, 20671, 24326, 32165, 32266, 33497, 37651, 40676, 50086]"
User_847,"[3548, 8404, 14555, 26075, 34454, 37792, 49163]"
User_848,"[2134, 11455, 22759, 25802, 31347, 32930, 35439, 44979, 50849]"
User_849,"[551, 774, 7888, 13811, 20686, 30151, 33961, 44178, 45168, 45760]"
User_850,"[6602, 12265, 17019, 17226, 21327, 23697, 35950, 38076, 40159]"
User_851,"[12052, 17655, 22485, 23981, 30890, 40179]"
User_852,"[13797, 18325, 23925, 24399, 26253, 27465, 27783, 29538, 45921, 49295]"
User_853,"[8594, 14979, 37447, 37741, 44958]"
User_854,"[15453, 17691, 47239, 52696]"
User_855,"[638, 9558, 9800, 12849, 24961, 30997, 48401, 52431, 52800]"
User_856,"[8812, 27624, 32741, 33882, 41330]"
User_857,"[3126, 16447, 19663, 26109, 31891, 36840, 37213, 51467]"
User_858,"[3934, 10704, 14120, 45255]"
User_859,"[6311, 17024, 21932, 29481, 31230, 41278, 48797]"
User_860,"[1299, 16889, 22553, 23613, 26985, 36535, 36723, 53085]"
User_861,"[13038, 23009, 39687, 44537]"
User_862,"[18652, 21305, 23272, 44118, 51138]"
User_863,"[5138, 9492, 18777, 24973, 29290, 30392, 40217, 41399, 48268, 50773]"
User_864,"[22111, 27644, 41371, 41981, 52934]"
User_865,"[4675, 5184, 10616, 14956, 19094, 20544, 20766, 22519, 42795]"
User_866,"[17776, 23800, 25916, 29156, 39674, 42247, 51181]"
User_867,"[1513, 8194, 10965, 12051, 15376, 16491, 27131, 43386, 47695, 48750]"
User_868,"[6750, 10938, 13800, 26020]"
User_869,"[3527, 4180, 31010, 35942]"
User_870,"[26018, 34339, 50523]"
User_871,"[6811, 10176, 17200, 40507]"
User_872,"[15031, 20274, 25548, 42915]"
User_873,"[8284, 8603, 18623, 29042, 41057, 48338]"
User_874,"[1872, 2303, 21312, 23385, 43486]"
User_875,"[8854, 11602, 17852, 29153, 30617, 35342, 35427, 35949, 38720, 45719]"
User_876,"[20293, 28506, 34305, 34982, 36961, 41356, 41671, 41912, 41929, 49080]"
User_877,"[5869, 14885, 20176, 23971, 28957, 31565, 35367, 52737]"
User_878,"[6, 691, 8932, 10205, 17026, 19894, 34296, 49695, 53436]"
User_879,"[545, 18793, 30749, 31265, 32239, 35068, 45073, 49510]"
User_880,"[598, 15152, 19196, 28209, 39125, 50192, 52295]"
User_881,"[12358, 24487, 35927]"
User_882,"[10700, 16377, 25540, 25870, 28646, 36736, 42335, 46854, 48307]"
User_883,"[5191, 14456, 15699, 17234, 27671, 33856, 40981, 50104, 52426]"
User_884,"[17617, 18656, 27060, 34861, 42497, 48688, 53006]"
User_885,"[4486, 7232, 8953, 11954, 18978, 41739]"
User_886,"[1271, 9971, 12306, 17834, 21013, 29672, 32243, 40483, 40812, 45906]"
User_887,"[1450, 12185, 35059]"
User_888,"[8194, 17641, 18488, 46871]"
User_889,"[537, 965, 5911, 9875, 14233, 15257, 22407, 27541, 32347, 47651]"
User_890,"[24339, 30388, 32662, 45674, 51493, 51866, 52393]"
User_891,"[5257, 21643, 49189]"
User_892,"[3672, 4678, 17465, 25717, 50833]"
User_893,"[826, 7992, 11901, 12595, 16315, 16389, 25007, 25218, 46837, 50341]"
User_894,"[2196, 6157, 13053, 16198, 30201, 34153, 43647, 48190, 48340, 50527]"
User_895,"[10394, 20454, 21172, 25501, 30987, 44659]"
User_896,"[34139, 36017, 48806]"
User_897,"[16601, 19583, 31537, 41846]"
User_898,"[3413, 7400, 14272, 15464, 23620, 43692]"
User_899,"[987, 7841, 10968, 18094, 21267, 25939, 38318, 51717, 52061]"
User_900,"[585, 2752, 31147, 38081, 45269, 51345]"
User_901,"[5864, 10334, 16300, 24339, 50514]"
User_902,"[3917, 3935, 5990, 22178, 23299, 40543, 40968, 42242, 44954, 49778]"
User_903,"[7038, 8246, 35150, 45962, 51869]"
User_904,"[15248, 20757, 22761, 28751, 36592, 42247, 48050, 49590, 51679, 52790]"
User_905,"[1399, 8829, 23472, 24757, 45170, 47474]"
User_906,"[2587, 19314, 28672, 31804, 35568, 36636, 46309]"
User_907,"[12230, 12437, 18043, 21212, 22784, 30696, 35626, 37139, 39235, 47998]"
User_908,"[4513, 10159, 19377, 29450, 34808]"
User_909,"[47, 24059, 29758, 33158, 35494, 41813, 50850]"
User_910,"[1226, 12159, 15649, 21017, 23860, 40614, 40645, 48080, 50857]"
User_911,"[12443, 25394, 35321, 43141]"
User_912,"[7239, 10101, 18555, 21104, 21141, 26856, 36140, 40176, 42002, 50183]"
User_913,"[2868, 4369, 34288, 43181]"
User_914,"[2049, 7015, 11707, 13243, 31809]"
User_915,"[2085, 6471, 25467, 37421, 42057, 43117]"
User_916,"[3216, 14465, 16773, 24009, 34460, 38685, 39711, 40892, 45961, 47044]"
User_917,"[857, 13679, 32204, 42975]"
User_918,"[3978, 30674, 41872, 52495]"
User_919,"[3820, 24187, 27259, 36570, 40431, 46427, 48724, 52051]"
User_920,"[2664, 4612, 5107, 14149, 19916, 34669, 48123]"
User_921,"[6633, 15139, 34842, 47524]"
User_922,"[11724, 12416, 12656, 16302, 34484, 36596, 37357, 40981, 43049]"
User_923,"[6914, 23459, 30062, 37785, 41852, 44203, 46042, 48896, 50219]"
User_924,"[6822, 10932, 11822, 22119, 26316, 33075, 36042, 43092, 51934]"
User_925,"[20653, 23089, 29033, 34989, 39316]"
User_926,"[21197, 24361, 27023, 28219, 39872, 41500, 47570, 50081]"
User_927,"[14019, 24580, 35758, 36060, 36906, 50181]"
User_928,"[12, 2271, 23593, 26023, 29327, 29648, 47599]"
User_929,"[430, 1068, 8852, 19682, 19781, 33922, 39043]"
User_930,"[1422, 14078, 18085, 20637, 45201, 50562]"
User_931,"[2473, 6179, 10230, 23308, 30170]"
User_932,"[15269, 16374, 17366, 24057, 38152]"
User_933,"[6023, 14249, 19680, 26201, 37294, 37387, 53154]"
User_934,"[21279, 31623, 47420, 51963]"
User_935,"[6249, 31999, 37763, 45193, 46061]"
User_936,"[2449, 5143, 25005, 37767, 47893, 51126, 52975]"
User_937,"[21914, 22801, 50521]"
User_938,"[749, 7899, 14858, 27297, 39472, 41542, 42780, 48999, 50488]"
User_939,"[2698, 3547, 9802, 19974, 20926, 21419, 34365, 35384, 37022]"
User_940,"[3310, 10039, 25747, 29203, 44147, 47944]"
User_941,"[14554, 18991, 28307, 51535]"
User_942,"[3231, 5409, 8663, 9700, 22031, 31185, 35923, 37449, 48844]"
User_943,"[5575, 8544, 17206, 26117, 28474, 32887, 45735, 49940, 50713]"
User_944,"[12983, 25907, 31517, 31972, 36654]"
User_945,"[15880, 16137, 34357, 36776, 40369, 48212]"
User_946,"[17449, 21195, 28184, 50906]"
User_947,"[7374, 27104, 27757, 44023]"
User_948,"[1586, 12483, 21019, 22578, 22826, 38920, 42952, 50441]"
User_949,"[9556, 11092, 22919, 28980, 40384, 40840, 52612]"
User_950,"[2941, 5623, 7364, 10223, 13086, 15301, 24498, 44915, 47742, 49658]"
User_951,"[9678, 15928, 40698]"
User_952,"[900, 7292, 19996, 22496, 29495, 45468, 52709]"
User_953,"[1490, 13356, 13697, 13885, 21749, 34292, 35258, 35810, 48497, 49175]"
User_954,"[9263, 31655, 35966, 40831, 45552, 45793, 47836]"
User_955,"[24681, 38207, 43484]"
User_956,"[3939, 11162, 16741]"
User_957,"[3478, 13152, 17778, 30471, 40498, 45647, 51720]"
User_958,"[4364, 25470, 43278]"
User_959,"[1250, 7070, 19168, 23607, 42559, 43260, 43449]"
User_960,"[6527, 15149, 20673, 24949, 31762, 33327, 34836, 39131, 46510]"
User_961,"[12217, 13033, 30014, 32810]"
User_962,"[2605, 16213, 34695]"
User_963,"[1204, 10289, 21860, 22726, 25781, 32108, 48784]"
User_964,"[4063, 15479, 18079, 19813, 23290, 32850, 40975, 53208]"
User_965,"[1931, 9942, 14783, 18362, 25373, 36368, 53402]"
User_966,"[5753, 8995, 25048, 25745, 34125, 43052, 44433, 47834]"
User_967,"[10010, 15752, 20472, 27350, 27948, 37545]"
User_968,"[8635, 9081, 13550, 29436, 35478, 35535, 38078, 42760]"
User_969,"[8863, 9051, 20250, 34328, 45123, 46211]"
User_970,"[4444, 9512, 10357, 20807, 34928, 36525, 37017, 43006, 50465]"
User_971,"[9536, 12067, 20814, 47649]"
User_972,"[20885, 27134, 50163]"
User_973,"[9958, 12316, 17943, 19880, 29032, 41736, 48387, 48864, 51059]"
User_974,"[1716, 8620, 12107, 49967]"
User_975,"[15133, 15216, 37161, 39083, 39688, 40131, 45047]"
User_976,"[5208, 23544, 45098]"
User_977,"[8787, 12057, 24507, 25392, 30720, 32207, 32920, 39630, 42570, 46662]"
User_978,"[983, 2112, 9012, 10733, 12665, 14829, 17685, 26777, 27069, 50104]"
User_979,"[4334, 13292, 13406, 43996, 48651, 49661]"
User_980,"[21292, 28788, 32108, 40439, 45079]"
User_981,"[2741, 16173, 20506, 24928, 26533, 28020, 39841, 47199, 48190, 50870]"
User_982,"[34421, 35137, 37482, 38915, 40075, 42034, 46144, 48658, 51571]"
User_983,"[7164, 29596, 34121]"
User_984,"[2572, 2779, 16103, 25388, 25926, 33824, 33993, 35249, 36549, 48180]"
User_985,"[12442, 19082, 28806]"
User_986,"[3574, 10910, 18737, 19295, 19959, 27686, 30234, 40182, 50703]"
User_987,"[5927, 29602, 30381, 42342, 47359]"
User_988,"[11781, 38367, 45620, 51034]"
User_989,"[1632, 21198, 25760, 27103, 29549]"
User_990,"[13233, 29732, 29798, 38686, 46703]"
User_991,"[16389, 21238, 42505, 45332]"
User_992,"[5976, 7481, 8096, 47079, 48055]"
User_993,"[5590, 23785, 25171, 33532, 34328, 40112, 41554, 46352, 47636, 51843]"
User_994,"[2877, 24817, 24943, 36067, 50348]"
User_995,"[9836, 10624, 21967, 37060, 43222]"
User_996,"[3362, 11722, 27497, 46664, 50407]"
User_997,"[11842, 18925, 20284, 29245, 41055, 47851, 50372]"
User_998,"[231, 8622, 13294, 40800]"
User_999,"[376, 800, 30057, 32612, 32679, 35618, 52917]"
User_1000,"[5203, 14213, 15589, 26879, 28958, 29736, 31176, 38591, 39401, 43219]"
